1	05/08/2022	Kachina: privacy-preserving smart contracts	https://iohk.io/en/blog/posts/2022/08/05/kachina-privacy-preserving-smart-contracts/	4 mins read
2	05/08/2022	Layer 1 & Layer 2: all you need to know	https://iohk.io/en/blog/posts/2022/08/05/layer-1-layer-2-all-you-need-to-know/	13 mins read
3	28/07/2022	How to stake your ada?	https://iohk.io/en/blog/posts/2022/07/28/how-to-stake-your-ada/	<1 min read
4	28/07/2022	Staking is the bedrock of Cardano	https://iohk.io/en/blog/posts/2022/07/28/staking-is-the-bedrock-of-cardano/	8 mins read
5	19/07/2022	An analysis of the research underpinning Cardano's scalability	https://iohk.io/en/blog/posts/2022/07/19/an-analysis-of-the-research-underpinning-cardanos-scalability/	7 mins read
6	08/07/2022	Bridges and sidechains: Wanchain making Cardano interoperable	https://iohk.io/en/blog/posts/2022/07/08/bridges-and-sidechains-wanchain-making-cardano-interoperable/	9 mins read
7	07/07/2022	Research overview part 3: tokens, stablecoins, and fees	https://iohk.io/en/blog/posts/2022/07/07/research-overview-part-3-tokens-stablecoins-and-fees/	5 mins read
8	06/07/2022	Introducing the Cardano EVM sidechain	https://iohk.io/en/blog/posts/2022/07/06/introducing-the-cardano-evm-sidechain/	6 mins read
9	04/07/2022	Cardano’s approaching Vasil upgrade: what to expect	https://iohk.io/en/blog/posts/2022/07/04/cardano-s-approaching-vasil-upgrade-what-to-expect/	9 mins read
10	01/07/2022	Cardano data on BigQuery	https://iohk.io/en/blog/posts/2022/07/01/cardano-data-on-bigquery/	5 mins read
11	23/06/2022	Future of Digital Asset Regulation - testimony of Charles Hoskinson	https://iohk.io/en/blog/posts/2022/06/23/future-of-digital-asset-regulation-testimony-of-charles-hoskinson/	13 mins read
12	23/06/2022	Overview of the research enabling smart contract support on Cardano	https://iohk.io/en/blog/posts/2022/06/23/overview-of-the-research-enabling-smart-contract-support-on-cardano/	6 mins read
13	20/06/2022	Vasil upgrade - the state of play	https://iohk.io/en/blog/posts/2022/06/20/vasil-upgrade-the-state-of-play/	4 mins read
14	10/06/2022	Cardano's foundational research overview	https://iohk.io/en/blog/posts/2022/06/10/cardanos-foundational-research-overview/	5 mins read
15	10/06/2022	Lace: speed, simplicity, and seamless flow	https://iohk.io/en/blog/posts/2022/06/10/lace-speed-simplicity-and-seamless-flow/	3 mins read
16	08/06/2022	Plutus Community Docs: a new documentation site for devs, by devs	https://iohk.io/en/blog/posts/2022/06/08/plutus-community-docs-a-new-documentation-site-for-devs-by-devs/	4 mins read
17	07/06/2022	DISH launches decentralized identification and loyalty coin system built on Input Output Global (IOG) technology	https://iohk.io/en/blog/posts/2022/06/07/dish-launches-decentralized-identification-and-loyalty-coin-system-built-on-input-output-global-iog-technology/	4 mins read
18	06/06/2022	Cardano at Consensus: a look ahead	https://iohk.io/en/blog/posts/2022/06/06/cardano-at-consensus-a-look-ahead/	3 mins read
19	03/06/2022	From Classic to Chronos: the implementations of Ouroboros explained	https://iohk.io/en/blog/posts/2022/06/03/from-classic-to-chronos-the-implementations-of-ouroboros-explained/	9 mins read
20	01/06/2022	Fund9 Catalyst Natives Cardashift challenge: demonstrating and monetizing impact	https://iohk.io/en/blog/posts/2022/06/01/fund9-catalyst-natives-cardashift-challenge-demonstrating-and-monetizing-impact/	5 mins read
21	27/05/2022	Everything you always wanted to know about impermanent loss and were afraid to ask	https://iohk.io/en/blog/posts/2022/05/27/everything-you-always-wanted-to-know-about-impermanent-loss-and-were-afraid-to-ask/	9 mins read
22	11/05/2022	Learn how to create low-code, low-cost financial smart contracts in the Marlowe Pioneers Program	https://iohk.io/en/blog/posts/2022/05/11/learn-how-to-create-low-code-low-cost-financial-smart-contracts-in-the-marlowe-pioneers-program/	4 mins read
23	10/05/2022	Project Catalyst - A virtuous cycle of Cardano ecosystem development	https://iohk.io/en/blog/posts/2022/05/10/project-catalyst-a-virtuous-cycle-of-cardano-ecosystem-development-investing-in-great-ideas-to-make-positive-real-world-changes/	4 mins read
24	04/05/2022	Atala SCAN: Blockchain-based product authentication	https://iohk.io/en/blog/posts/2022/05/04/atala-scan-blockchain-based-product-authentication/	6 mins read
25	28/04/2022	Interoperability is key to blockchain growth	https://iohk.io/en/blog/posts/2022/04/28/interoperability-is-key-to-blockchain-growth/	8 mins read
26	27/04/2022	Guest blog: collaborating on Cardano interoperability	https://iohk.io/en/blog/posts/2022/04/27/guest-blog-collaborating-on-cardano-interoperability/	2 mins read
27	19/04/2022	Introducing the new command line interface tool for Marlowe	https://iohk.io/en/blog/posts/2022/04/19/introducing-the-new-command-line-interface-tool-for-marlowe/	5 mins read
28	13/04/2022	Boosting Cardano’s throughput with script referencing	https://iohk.io/en/blog/posts/2022/04/13/boosting-cardano-s-throughput-with-script-referencing/	4 mins read
29	11/04/2022	Introducing the Concept of Delegate Representatives (dReps)	https://iohk.io/en/blog/posts/2022/04/11/introducing-the-concept-of-delegate-representatives-dreps/	2 mins read
30	05/04/2022	Project Catalyst launches incubator for Africa	https://iohk.io/en/blog/posts/2022/04/05/project-catalyst-launches-incubator-for-africa/	6 mins read
31	31/03/2022	Wave Financial launches ada yield fund to support Cardano's DeFi ecosystem growth	https://iohk.io/en/blog/posts/2022/03/31/wave-financial-launches-ada-yield-fund-to-support-cardanos-defi-ecosystem-growth/	4 mins read
32	30/03/2022	The critical role of AI / blockchain synergy in humanity’s future	https://iohk.io/en/blog/posts/2022/03/30/the-critical-role-of-ai-blockchain-synergy-in-humanity-s-future/	8 mins read
33	21/03/2022	Increasing the transaction throughput of Cardano	https://iohk.io/en/blog/posts/2022/03/21/increasing-the-transaction-throughput-of-cardano/	10 mins read
34	04/03/2022	Diving deeper into the Marlowe Playground	https://iohk.io/en/blog/posts/2022/03/04/diving-deeper-into-the-marlowe-playground/	7 mins read
35	02/03/2022	Project Catalyst, Cardano’s innovation engine, launches Fund8!	https://iohk.io/en/blog/posts/2022/03/02/project-catalyst-cardano-s-innovation-engine-launches-fund8/	4 mins read
36	28/02/2022	From node enhancement to block leadership… Cardano’s February release	https://iohk.io/en/blog/posts/2022/02/28/from-node-enhancement-to-block-leadership-cardano-s-february-release/	4 mins read
37	07/02/2022	The knowledge base for Cardano is growing: Cardano Stack Exchange graduates from Beta version	https://iohk.io/en/blog/posts/2022/02/07/the-knowledge-base-for-cardano-is-growing-cardano-stack-exchange-graduates-from-beta-version/	4 mins read
38	03/02/2022	Implementing Hydra Heads: the first step towards the full Hydra vision	https://iohk.io/en/blog/posts/2022/02/03/implementing-hydra-heads-the-first-step-towards-the-full-hydra-vision/	12 mins read
39	01/02/2022	Introducing pipelining: Cardano's consensus layer scaling solution	https://iohk.io/en/blog/posts/2022/02/01/introducing-pipelining-cardanos-consensus-layer-scaling-solution/	4 mins read
40	27/01/2022	Simple property-based tests for Plutus validators	https://iohk.io/en/blog/posts/2022/01/27/simple-property-based-tests-for-plutus-validators/	8 mins read
41	21/01/2022	Plutus fee estimator: find out the cost of transacting on Cardano	https://iohk.io/en/blog/posts/2022/01/21/plutus-fee-estimator-find-out-the-cost-of-transacting-on-cardano/	6 mins read
42	19/01/2022	The beating heart of a fast-growing network	https://iohk.io/en/blog/posts/2022/01/19/the-beating-heart-of-a-fast-growing-network/	5 mins read
43	14/01/2022	How we’re scaling Cardano in 2022	https://iohk.io/en/blog/posts/2022/01/14/how-we-re-scaling-cardano-in-2022/	5 mins read
44	13/01/2022	A new internal IOG Developer Experience department will improve development agility	https://iohk.io/en/blog/posts/2022/01/13/a-new-internal-iog-developer-experience-department/	4 mins read
45	10/01/2022	DeFi demystified	https://iohk.io/en/blog/posts/2022/01/10/defi-demystified/	11 mins read
46	27/12/2021	2021: the year robots, and graffiti came to a decentralized, smarter Cardano	https://iohk.io/en/blog/posts/2021/12/27/review-of-2021-the-year-fun-came-to-cardano-with-beeple-nfts-robots-and-blockchain-graffiti/	11 mins read
47	23/12/2021	Cardano education in 2021: the year of the pioneers	https://iohk.io/en/blog/posts/2021/12/23/cardano-education-in-2021-the-year-of-the-pioneers/	5 mins read
48	21/12/2021	Cardano at Christmas (and what to say if anyone asks…)	https://iohk.io/en/blog/posts/2021/12/21/cardano-at-christmas-and-what-to-say-if-anyone-asks/	7 mins read
49	09/12/2021	When it comes to DeFi, Do Your Own Research	https://iohk.io/en/blog/posts/2021/12/09/when-it-comes-to-defi-do-your-own-research/	11 mins read
50	08/12/2021	Introducing our new peer-to-peer (P2P) testnet	https://iohk.io/en/blog/posts/2021/12/08/introducing-our-new-peer-to-peer-p2p-testnet/	3 mins read
51	07/12/2021	The AGIX ERC20 converter testnet is now live	https://iohk.io/en/blog/posts/2021/12/07/the-agix-erc20-converter-testnet-is-now-live/	6 mins read
52	26/11/2021	Network traffic and tiered pricing	https://iohk.io/en/blog/posts/2021/11/26/network-traffic-and-tiered-pricing/	7 mins read
53	25/11/2021	Welcome to the age of RealFi	https://iohk.io/en/blog/posts/2021/11/25/welcome-to-the-age-of-realfi/	8 mins read
54	22/11/2021	Slow and steady wins the race: network evolution for network growth	https://iohk.io/en/blog/posts/2021/11/22/slow-and-steady-wins-the-race-network-evolution-for-network-growth/	8 mins read
55	16/11/2021	Architecting DApps on the EUTXO ledger	https://iohk.io/en/blog/posts/2021/11/16/architecting-dapps-on-the-eutxo-ledger/	5 mins read
56	10/11/2021	Introducing Catalyst Natives - How any business can leverage the Cardano innovation engine	https://iohk.io/en/blog/posts/2021/11/10/introducing-catalyst-natives-how-any-business-can-leverage-the-cardano-innovation-engine/	5 mins read
57	10/11/2021	Optimizing Cardano	https://iohk.io/en/blog/posts/2021/11/10/optimizing-cardano/	10 mins read
58	09/11/2021	UTXO blockchains continue forward momentum with new collaborations	https://iohk.io/en/blog/posts/2021/11/09/utxo-blockchains-continue-forward-momentum-with-new-collaborations/	5 mins read
59	05/11/2021	Empowering a new generation of innovators in Ghana	https://iohk.io/en/blog/posts/2021/11/05/empowering-a-new-generation-of-innovators-in-ghana/	4 mins read
60	29/10/2021	Mithril: a stronger and lighter blockchain for better efficiency	https://iohk.io/en/blog/posts/2021/10/29/mithril-a-stronger-and-lighter-blockchain-for-better-efficiency/	10 mins read
61	28/10/2021	Buffalo soldiers march to the heart of the blockchain	https://iohk.io/en/blog/posts/2021/10/28/buffalo-soldiers-march-to-the-heart-of-the-blockchain/	4 mins read
62	28/10/2021	Plutus Application Backend (PAB): supporting DApp development on Cardano	https://iohk.io/en/blog/posts/2021/10/28/plutus-application-backend-pab-supporting-dapp-development-on-cardano/	6 mins read
63	27/10/2021	IOG's third round of delegation gives voice to stake pool operators	https://iohk.io/en/blog/posts/2021/10/27/iogs-third-round-of-ada-delegation-gives-voice-to-cardano-stake-pool-operators/	4 mins read
64	27/10/2021	Ouroboros Chronos provides the first high-resilience, cryptographic time source based on blockchain technology	https://iohk.io/en/blog/posts/2021/10/27/ouroboros-chronos-provides-the-first-high-resilience-cryptographic-time-source-based-on-blockchain/	5 mins read
65	26/10/2021	Africa is where the tough get going	https://iohk.io/en/blog/posts/2021/10/26/africa-is-where-the-tough-get-going/	17 mins read
66	25/10/2021	New certification levels for smart contracts on Cardano	https://iohk.io/en/blog/posts/2021/10/25/new-certification-levels-for-smart-contracts-on-cardano/	5 mins read
67	22/10/2021	Bringing premium spirits to the Cardano blockchain	https://iohk.io/en/blog/posts/2021/10/22/bringing-premium-spirits-to-the-cardano-blockchain/	2 mins read
68	21/10/2021	Cardano: robust, resilient – and flexible	https://iohk.io/en/blog/posts/2021/10/21/cardano-robust-resilient-and-flexible/	10 mins read
69	16/10/2021	Oasis Pro partnership is where DeFi meets RealFi for Cardano	https://iohk.io/en/blog/posts/2021/10/16/oasis-pro-partnership-is-where-defi-meets-realfi-for-cardano/	6 mins read
70	15/10/2021	UTXO alliance: fostering innovation and collaboration across the blockchain space	https://iohk.io/en/blog/posts/2021/10/15/utxo-alliance-fostering-innovation-and-collaboration-across-the-blockchain-space/	9 mins read
71	12/10/2021	Building on the Cardano Summit	https://iohk.io/en/blog/posts/2021/10/12/building-on-the-cardano-summit/	6 mins read
72	08/10/2021	Cardano Summit 2021 summary: Governance is the next big thing	https://iohk.io/en/blog/posts/2021/10/08/cardano-summit-2021-summary-governance-is-the-next-big-thing/	16 mins read
73	29/09/2021	Acuant's new strategic partnership with IOG and Atala PRISM to offer enhanced security in the DeFi space	https://iohk.io/en/blog/posts/2021/09/29/acuants-new-strategic-partnership-with-iog-and-atala-prism-to-offer-enhanced-security-in-the-defi-space/	3 mins read
74	28/09/2021	US mobile operator calls on Cardano	https://iohk.io/en/blog/posts/2021/09/28/boost-mobile-and-dish-tv-call-on-cardano/	2 mins read
75	26/09/2021	Oasis Pro deal will give developing world better access to financial markets	https://iohk.io/en/blog/posts/2021/09/26/cardano-deal-with-oasis-will-give-developing-world-better-access-to-financial-markets/	2 mins read
76	26/09/2021	Cardano enters the age of AI as it welcomes Grace, the AI robot designed to revolutionize global healthcare	https://iohk.io/en/blog/posts/2021/09/26/cardano-enters-the-age-of-ai-as-it-welcomes-grace-the-ai-robot-designed-to-revolutionize-global-healthcare/	2 mins read
77	26/09/2021	COTI to issue Djed stablecoin on Cardano	https://iohk.io/en/blog/posts/2021/09/26/coti-to-issue-djed-stablecoin-on-cardano/	2 mins read
78	25/09/2021	Cardano fund injecting $6m to support Africa’s pioneers	https://iohk.io/en/blog/posts/2021/09/25/blockchain-fund-injecting-6m-to-support-africa-s-pioneers/	2 mins read
79	25/09/2021	Cardano to integrate Chainlink oracles for real-time market data	https://iohk.io/en/blog/posts/2021/09/25/cardano-to-integrate-chainlink-oracles-for-real-time-market-data/	4 mins read
80	25/09/2021	Luxury spirits brand chooses Cardano to verify alcohol supply chain	https://iohk.io/en/blog/posts/2021/09/25/spirit-maker-strait-brands-chooses-cardano-to-verify-supply-chain/	2 mins read
81	22/09/2021	Bringing certified DApps to Cardano	https://iohk.io/en/blog/posts/2021/09/22/bringing-certified-dapps-to-cardano/	6 mins read
82	17/09/2021	Hydra – Cardano’s solution for ultimate Layer 2 scalability	https://iohk.io/en/blog/posts/2021/09/17/hydra-cardano-s-solution-for-ultimate-scalability/	7 mins read
83	12/09/2021	Today will feel like a destination. Yet a new, exciting journey begins...	https://iohk.io/en/blog/posts/2021/09/12/today-will-feel-like-a-destination-yet-a-new-exciting-journey-begins/	10 mins read
84	10/09/2021	Concurrency and all that: Cardano smart contracts and the EUTXO model	https://iohk.io/en/blog/posts/2021/09/10/concurrency-and-all-that-cardano-smart-contracts-and-the-eutxo-model/	7 mins read
85	07/09/2021	No-surprises transaction validation: part 2	https://iohk.io/en/blog/posts/2021/09/07/no-surprises-transaction-validation-part-2/	7 mins read
86	06/09/2021	No-surprises transaction validation on Cardano	https://iohk.io/en/blog/posts/2021/09/06/no-surprises-transaction-validation-on-cardano/	12 mins read
87	01/09/2021	Cardano stake pool operator delegation – a new round	https://iohk.io/en/blog/posts/2021/09/01/cardano-stake-pool-operator-delegation-a-new-round/	3 mins read
88	24/08/2021	Making education in Africa more accessible, affordable, and equitable	https://iohk.io/en/blog/posts/2021/08/24/making-education-in-africa-more-accessible-affordable-and-equitable/	4 mins read
89	19/08/2021	Cardano Stack Exchange: a growing and vibrant community developer resource	https://iohk.io/en/blog/posts/2021/08/19/cardano-stack-exchange-a-growing-and-vibrant-community-developer-resource/	4 mins read
90	18/08/2021	Djed: implementing algorithmic stablecoins for proven price stability	https://iohk.io/en/blog/posts/2021/08/18/djed-implementing-algorithmic-stablecoins-for-proven-price-stability/	7 mins read
91	17/08/2021	Why they’re calling Cardano ‘the green blockchain’	https://iohk.io/en/blog/posts/2021/08/17/why-they-re-calling-cardano-the-green-blockchain/	5 mins read
92	13/08/2021	Project Catalyst Fund6 – our biggest, boldest & best Cardano community innovation fund yet	https://iohk.io/en/blog/posts/2021/08/13/project-catalyst-fund-6-our-biggest-boldest-and-best-cardano-community-innovation-fund-yet/	3 mins read
93	11/08/2021	Connecting the unconnected, banking the unbanked	https://iohk.io/en/blog/posts/2021/08/11/connecting-the-unconnected-banking-the-unbanked/	6 mins read
94	28/07/2021	A closer look at the cFund	https://iohk.io/en/blog/posts/2021/07/28/a-closer-look-at-the-cfund/	5 mins read
95	22/07/2021	Wolfram and Cardano build communities with NFTs and liveminting	https://iohk.io/en/blog/posts/2021/07/22/wolfram-and-cardano-build-communities-with-nfts-and-liveminting/	5 mins read
96	08/07/2021	Introducing the Catalyst Circle	https://iohk.io/en/blog/posts/2021/07/08/introducing-the-catalyst-circle/	4 mins read
97	30/06/2021	Digital lending platform Nexo integrates Cardano, enabling ada holders to borrow and earn from a diverse crypto portfolio	https://iohk.io/en/blog/posts/2021/06/30/digital-lending-platform-nexo-integrates-cardano/	3 mins read
98	23/06/2021	Orion to bring one-stop crypto marketplace to Cardano	https://iohk.io/en/blog/posts/2021/06/23/orion-to-bring-one-stop-crypto-marketplace-to-cardano/	3 mins read
99	16/06/2021	Daedalus: from launch to Flight and beyond...	https://iohk.io/en/blog/posts/2021/06/16/daedalus-from-launch-to-flight-and-beyond/	5 mins read
100	10/06/2021	Stablefees and the Decentralized Reserve System	https://iohk.io/en/blog/posts/2021/06/10/stablefees-and-the-decentralized-reserve-system/	7 mins read
101	08/06/2021	A close look at the software running Cardano	https://iohk.io/en/blog/posts/2021/06/08/a-close-look-at-the-software-running-cardano/	5 mins read
102	02/06/2021	Nervos partnership to build the first cross-chain bridge with Cardano	https://iohk.io/en/blog/posts/2021/06/02/nervos-partnership-to-build-the-first-cross-chain-bridge-with-cardano/	3 mins read
103	26/05/2021	Reimagining peer to peer finance with Marlowe	https://iohk.io/en/blog/posts/2021/05/26/reimagining-peer-to-peer-finance-with-marlowe/	6 mins read
104	17/05/2021	Bringing ERC20 to Cardano	https://iohk.io/en/blog/posts/2021/05/17/bringing-erc20-to-cardano/	7 mins read
105	14/05/2021	Announcing new stake pools chosen for our delegation strategy	https://iohk.io/en/blog/posts/2021/05/14/announcing-new-stake-pools-chosen-for-our-delegation-strategy/	9 mins read
106	12/05/2021	Strategic partners pave way for Plutus smart contracts	https://iohk.io/en/blog/posts/2021/05/12/developers-add-muscle-to-plutus-smart-contracts-on-cardano-for-defi/	6 mins read
107	11/05/2021	Cardano decentralization continues: insights into our P2P deployment	https://iohk.io/en/blog/posts/2021/05/11/cardano-decentralization-continues/	5 mins read
108	10/05/2021	Runtime Verification & IELE – from interoperability to universality	https://iohk.io/en/blog/posts/2021/05/10/runtime-verification-iele-from-interoperability-to-universality/	4 mins read
109	30/04/2021	The essential Cardano list - a new resource for the community	https://iohk.io/en/blog/posts/2021/04/30/the-essential-cardano-list-a-new-resource-for-the-community/	4 mins read
110	28/04/2021	Identity is the key to our vision for Africa	https://iohk.io/en/blog/posts/2021/04/28/decentralized-identity-on-the-blockchain-is-the-key-to-iohks-vision-for-africa/	7 mins read
111	27/04/2021	Blockchain finally comes of age with the world’s biggest blockchain deployment	https://iohk.io/en/blog/posts/2021/04/27/blockchain-finally-comes-of-age-with-worlds-biggest-blockchain-deployment/	3 mins read
112	13/04/2021	Plutus: what you need to know	https://iohk.io/en/blog/posts/2021/04/13/plutus-what-you-need-to-know/	9 mins read
113	08/04/2021	Smart contracts – here we come	https://iohk.io/en/blog/posts/2021/04/08/smart-contracts-–-here-we-come/	6 mins read
114	06/04/2021	Boosting network decentralization with P2P	https://iohk.io/en/blog/posts/2021/04/06/boosting-network-decentralization-with-p2p/	7 mins read
115	01/04/2021	Announcing a new round of community stake pool delegation	https://iohk.io/en/blog/posts/2021/04/01/announcing-a-new-round-of-community-stake-pool-delegation/	4 mins read
116	01/04/2021	Everything you need to know about our new Plutus Pioneer Program	https://iohk.io/en/blog/posts/2021/04/01/everything-you-need-to-know-about-our-new-plutus-pioneer-program/	5 mins read
117	31/03/2021	Decentralization: to D=0 Day and beyond	https://iohk.io/en/blog/posts/2021/03/31/decentralization-to-d-0-day-and-beyond/	7 mins read
118	29/03/2021	Cardano's secure switch to decentralization	https://iohk.io/en/blog/posts/2021/03/29/the-secure-transition-to-decentralization/	6 mins read
119	22/03/2021	Blockchain Africa 2021: Charles Hoskinson's keynote speech	https://iohk.io/en/blog/posts/2021/03/22/blockchain-africa-2021-charles-hoskinsons-keynote-speech/	13 mins read
120	17/03/2021	Momentum continues as Coinbase lists ADA and Bloomberg adds Cardano	https://iohk.io/en/blog/posts/2021/03/17/momentum-continues-as-coinbase-lists-ada-and-bloomberg-adds-cardano/	4 mins read
121	12/03/2021	Cardano’s Extended UTXO accounting model – built to support multi-assets and smart contracts (part 2)	https://iohk.io/en/blog/posts/2021/03/12/cardanos-extended-utxo-accounting-model-part-2/	5 mins read
122	11/03/2021	Cardano’s Extended UTXO accounting model – built to support multi-assets and smart contracts	https://iohk.io/en/blog/posts/2021/03/11/cardanos-extended-utxo-accounting-model/	5 mins read
123	04/03/2021	Not long till 'd' (=0) day	https://iohk.io/en/blog/posts/2021/03/04/not-long-till-d-0-day/	8 mins read
124	26/02/2021	Bringing Glow to Cardano	https://iohk.io/en/blog/posts/2021/02/26/bringing-glow-to-cardano/	7 mins read
125	25/02/2021	Babel fees - denominating transaction costs in native tokens	https://iohk.io/en/blog/posts/2021/02/25/babel-fees/	8 mins read
126	18/02/2021	Building native tokens on Cardano for pleasure and profit	https://iohk.io/en/blog/posts/2021/02/18/building-native-tokens-on-cardano-for-pleasure-and-profit/	9 mins read
127	12/02/2021	Our million-dollar baby: Project Catalyst	https://iohk.io/en/blog/posts/2021/02/12/our-million-dollar-baby-project-catalyst/	3 mins read
128	05/02/2021	Decentralizing social media: a conversation with Ben Goertzel and Charles Hoskinson	https://iohk.io/en/blog/posts/2021/02/05/decentralizing-social-media/	57 mins read
129	04/02/2021	Native tokens to bring new utility to life on Cardano	https://iohk.io/en/blog/posts/2021/02/04/native-tokens-to-bring-new-utility-to-life-on-cardano/	5 mins read
130	02/02/2021	Plutus Tx: compiling Haskell into Plutus Core	https://iohk.io/en/blog/posts/2021/02/02/plutus-tx-compiling-haskell-into-plutus-core/	9 mins read
131	25/01/2021	Introducing the new Plutus Playground	https://iohk.io/en/blog/posts/2021/01/25/introducing-the-new-plutus-playground/	4 mins read
132	22/01/2021	Our new delegation strategy – announcing the pools we’re supporting	https://iohk.io/en/blog/posts/2021/01/22/our-new-delegation-strategy-announcing-the-pools-we-are-supporting/	7 mins read
133	12/01/2021	Project Catalyst – the first winning proposals	https://iohk.io/en/blog/posts/2021/01/12/project-catalyst-the-first-winning-proposals/	4 mins read
134	06/01/2021	Project Catalyst blasts off into 2021	https://iohk.io/en/blog/posts/2021/01/06/project-catalyst-blasts-off-into-2021/	5 mins read
135	04/01/2021	The final days of Christmas	https://iohk.io/en/blog/posts/2021/01/04/the-final-days-of-christmas/	3 mins read
136	31/12/2020	Three more thoughts for the day	https://iohk.io/en/blog/posts/2020/12/31/thoughts-for-the-next-three-days/	5 mins read
137	29/12/2020	Three more thoughts for the 12 days	https://iohk.io/en/blog/posts/2020/12/29/three-more-thoughts-for-the-12-days/	4 mins read
138	24/12/2020	Some thoughts for the next 12 days	https://iohk.io/en/blog/posts/2020/12/24/some-thoughts-for-the-next-12-days/	6 mins read
139	21/12/2020	Online learning with Haskell: the Mongolia Class of 2020	https://iohk.io/en/blog/posts/2020/12/21/online-learning-with-haskell-the-mongolia-class-of-2020/	7 mins read
140	17/12/2020	Devnets: Building bridges to developer communities	https://iohk.io/en/blog/posts/2020/12/17/devnets-building-bridges-to-developer-communities/	6 mins read
141	17/12/2020	IOHK partners with Wolfram to power Cardano	https://iohk.io/en/blog/posts/2020/12/17/iohk-partners-with-wolfram-to-power-cardano/	2 mins read
142	10/12/2020	Delegating to decentralize and build value	https://iohk.io/en/blog/posts/2020/12/10/delegating-to-decentralize-and-build-value/	5 mins read
143	09/12/2020	Native tokens on Cardano; core principles and points of difference	https://iohk.io/en/blog/posts/2020/12/09/native-tokens-on-cardano-core-principles-and-points-of-difference/	5 mins read
144	09/12/2020	The new Mantis: Bringing security and stability to the Ethereum Classic ecosystem	https://iohk.io/en/blog/posts/2020/12/09/the-new-mantis-bringing-security-and-stability-to-the-ethereum-classic-ecosystem-1/	6 mins read
145	08/12/2020	Native tokens on Cardano	https://iohk.io/en/blog/posts/2020/12/08/native-tokens-on-cardano/	6 mins read
146	02/12/2020	Goguen brings token locking to Cardano	https://iohk.io/en/blog/posts/2020/12/02/goguen-brings-token-locking-to-cardano/	7 mins read
147	30/11/2020	Blockchain reward sharing - a comparative systematization from first principles	https://iohk.io/en/blog/posts/2020/11/30/blockchain-reward-sharing-a-comparative-systematization-from-first-principles/	10 mins read
148	24/11/2020	Delegating with fresh purpose	https://iohk.io/en/blog/posts/2020/11/24/delegating-with-fresh-purpose/	7 mins read
149	17/11/2020	Smash: introducing a new way of managing stake pool metadata	https://iohk.io/en/blog/posts/2020/11/17/in-pools-we-trust/	5 mins read
150	13/11/2020	The general perspective on staking in Cardano	https://iohk.io/en/blog/posts/2020/11/13/the-general-perspective-on-staking-in-cardano/	13 mins read
151	05/11/2020	Parameters and decentralization: the way ahead	https://iohk.io/en/blog/posts/2020/11/05/parameters-and-decentralization-the-way-ahead/	10 mins read
152	04/11/2020	IOHK sponsors new Haskell Foundation	https://iohk.io/en/blog/posts/2020/11/04/iohk-sponsors-new-haskell-foundation/	2 mins read
153	03/11/2020	Getting to grips with metadata on Cardano	https://iohk.io/en/blog/posts/2020/11/03/getting-to-grips-with-metadata-on-cardano/	5 mins read
154	29/10/2020	Bringing new value and utility to the Cardano blockchain	https://iohk.io/en/blog/posts/2020/10/29/bringing-new-value-and-utility-to-the-cardano-blockchain/	5 mins read
155	23/10/2020	Ensuring ETC Network Security	https://iohk.io/en/blog/posts/2020/10/23/ensuring-etc-network-security/	4 mins read
156	15/10/2020	Five lessons in blockchain governance	https://iohk.io/en/blog/posts/2020/10/15/five-lessons-in-blockchain-governance/	6 mins read
157	13/10/2020	Actus smart contracts in Marlowe	https://iohk.io/en/blog/posts/2020/10/13/actus-financial-smart-contracts-in-marlowe/	12 mins read
158	06/10/2020	Marlowe: industry-scale financial smart contracts for the blockchain	https://iohk.io/en/blog/posts/2020/10/06/marlowe-industry-scale-finance-contracts-for-cardano/	5 mins read
159	06/10/2020	Developer challenge: using blockchain to support the UN’s sustainable development goals	https://iohk.io/en/blog/posts/2020/10/06/united-nations-and-iohk-join-forces-to-use-blockchain-for-development-goals/	3 mins read
160	24/09/2020	Being lazy without getting bloated	https://iohk.io/en/blog/posts/2020/09/24/being-lazy-without-getting-bloated/	25 mins read
161	16/09/2020	Project Catalyst; introducing our first public fund for Cardano community innovation	https://iohk.io/en/blog/posts/2020/09/16/project-catalyst-introducing-our-first-public-fund-for-cardano-community-innovation/	4 mins read
162	10/09/2020	Project Catalyst and Voltaire bring power to the people	https://iohk.io/en/blog/posts/2020/09/10/project-catalyst-voltaire-bring-power-to-the-people/	7 mins read
163	14/08/2020	The decline and fall of centralization	https://iohk.io/en/blog/posts/2020/08/14/the-decline-and-fall-of-centralization/	12 mins read
164	05/08/2020	Blockchain governance - from philosophy and vision to real-world application	https://iohk.io/en/blog/posts/2020/08/05/philosophy-of-governance/	8 mins read
165	28/07/2020	Improving Haskell’s big numbers support	https://iohk.io/en/blog/posts/2020/07/28/improving-haskells-big-numbers-support/	9 mins read
166	09/07/2020	Cardano’s path to decentralization	https://iohk.io/en/blog/posts/2020/07/09/cardanos-path-to-decentralization-by-marcin-szamotulski/	6 mins read
167	03/07/2020	Cardano Virtual Summit 2020: Shelley Edition	https://iohk.io/en/blog/posts/2020/07/03/cardano-virtual-summit-2020-shelley-edition/	5 mins read
168	01/07/2020	Documenting Cardano: a single source of developer truth, fit for the future	https://iohk.io/en/blog/posts/2020/07/01/documenting-cardano-a-single-source-of-developer-truth-fit-for-the-future/	3 mins read
169	30/06/2020	Bringing the community together for the Cardano Virtual Summit 2020: Shelley Edition	https://iohk.io/en/blog/posts/2020/06/30/bringing-the-community-together-for-the-cardano-virtual-summit-2020-shelley-edition/	4 mins read
170	25/06/2020	Iterating for growth with IOHK research	https://iohk.io/en/blog/posts/2020/06/25/iterating-for-growth-with-iohk/	11 mins read
171	23/06/2020	The Ouroboros path to decentralization	https://iohk.io/en/blog/posts/2020/06/23/the-ouroboros-path-to-decentralization/	6 mins read
172	15/06/2020	Integrating and advancing with Adrestia	https://iohk.io/en/blog/posts/2020/06/15/integrating-and-advancing-with-adrestia/	4 mins read
173	11/06/2020	Why we are joining Hyperledger	https://iohk.io/en/blog/posts/2020/06/11/why-we-are-joining-hyperledger/	3 mins read
174	04/06/2020	Looking to the future of Haskell and JavaScript for Plutus	https://iohk.io/en/blog/posts/2020/06/04/looking-to-the-future-of-haskell-and-javascript-for-plutus/	8 mins read
175	28/05/2020	The abstract nature of the Cardano consensus layer	https://iohk.io/en/blog/posts/2020/05/28/the-abstract-nature-of-the-consensus-layer/	21 mins read
176	20/05/2020	Building new standards for privacy and scalability	https://iohk.io/en/blog/posts/2020/05/20/building-new-standards-for-privacy-and-scalability-with-zero-knowledge-proofs/	6 mins read
177	12/05/2020	How pledging will keep Cardano healthy	https://iohk.io/en/blog/posts/2020/05/12/how-pledging-encourages-a-healthy-decentralized-cardano-ecosystem/	5 mins read
178	11/05/2020	From Byron to Shelley: part two, the journey to the mainnet	https://iohk.io/en/blog/posts/2020/05/11/from-byron-to-shelley-part-two-the-journey-to-the-mainnet/	5 mins read
179	07/05/2020	Combinator makes easy work of Shelley hard fork	https://iohk.io/en/blog/posts/2020/05/07/combinator-makes-easy-work-of-shelley-hard-fork/	11 mins read
180	29/04/2020	From Byron to Shelley: Part one, the testnets	https://iohk.io/en/blog/posts/2020/04/29/from-byron-to-shelley-part-one-the-testnets/	7 mins read
181	09/04/2020	Merging formal methods and agile development to build Cardano	https://iohk.io/en/blog/posts/2020/04/09/merging-formal-methods-and-agile-to-build-cardano/	7 mins read
182	07/04/2020	Architecting Shelley: an interview with Duncan Coutts	https://iohk.io/en/blog/posts/2020/04/07/architecting-shelley-an-interview-with-duncan-coutts-1/	6 mins read
183	01/04/2020	We need you for a Daedalus testing program!	https://iohk.io/en/blog/posts/2020/04/01/we-need-you-for-the-daedalus-flight-testing-program/	7 mins read
184	30/03/2020	What the Byron reboot means for Cardano	https://iohk.io/en/blog/posts/2020/03/30/what-the-byron-reboot-means-for-cardano/	5 mins read
185	26/03/2020	Enter the Hydra: scaling distributed ledgers, the evidence-based way	https://iohk.io/en/blog/posts/2020/03/26/enter-the-hydra-scaling-distributed-ledgers-the-evidence-based-way/	10 mins read
186	27/02/2020	Educating the world on Cardano: initiatives and plans for 2020	https://iohk.io/en/blog/posts/2020/02/27/educating-the-world-on-cardano-initiatives-and-plans-for-2020/	5 mins read
187	20/02/2020	Community and stake pool reactions to the Shelley Incentivized Testnet	https://iohk.io/en/blog/posts/2020/02/20/community-and-stake-pool-reactions-to-the-shelley-incentivized-testnet/	7 mins read
188	12/02/2020	New Cardano node, explorer backend, and web API released	https://iohk.io/en/blog/posts/2020/02/12/new-cardano-node-explorer-backend-and-web-api-released/	4 mins read
189	07/02/2020	Shelley Incentivized Testnet: the story in numbers	https://iohk.io/en/blog/posts/2020/02/07/shelley-incentivized-testnet-story-in-numbers/	<1 min read
190	09/01/2020	Reflections on a decade of blockchain, and predictions for the next	https://iohk.io/en/blog/posts/2020/01/09/reflections-on-a-decade-of-blockchain/	9 mins read
191	05/12/2019	Explaining the Shelley Incentivized Testnet incentive model	https://iohk.io/en/blog/posts/2019/12/05/explaining-the-shelley-incentivized-testnet-incentive-model/	7 mins read
192	27/11/2019	Incentivized Testnet update: balance snapshot, wallets, and rewards	https://iohk.io/en/blog/posts/2019/11/27/incentivized-testnet-update-balance-snapshot-wallets-and-rewards/	5 mins read
193	24/10/2019	Incentivized Testnet: what is it and how to get involved	https://iohk.io/en/blog/posts/2019/10/24/incentivized-testnet-what-is-it-and-how-to-get-involved/	6 mins read
194	26/09/2019	Unboxing the blockchain – the Shelley testnet making its network debut	https://iohk.io/en/blog/posts/2019/09/26/unboxing-the-blockchain---the-shelley-testnet-making-its-network-debut/	5 mins read
195	20/09/2019	Plutus and Marlowe in the spotlight at WyoHackathon 2019	https://iohk.io/en/blog/posts/2019/09/20/plutus-and-marlowe-in-the-spotlight-at-wyohackathon-2019-1/	4 mins read
196	12/09/2019	IOHK brings Plutus to Wyoming's hackathon	https://iohk.io/en/blog/posts/2019/09/12/iohk-brings-plutus-to-wyomings-hackathon/	3 mins read
197	06/09/2019	Taking the next step on the road to Cardano Shelley	https://iohk.io/en/blog/posts/2019/09/06/taking-the-next-step-on-the-road-to-cardano-shelley/	4 mins read
198	31/07/2019	Secure smart contracts with the Plutus ebook	https://iohk.io/en/blog/posts/2019/07/31/secure-smart-contracts-with-the-plutus-ebook/	6 mins read
199	16/07/2019	Kuva symphony update: more events and a 3D blockchain transaction tracker	https://iohk.io/en/blog/posts/2019/07/16/kuva-symphony-update-more-events-and-a-3d-blockchain-transaction-tracker/	5 mins read
200	09/07/2019	Smart contract hackathon and meetup in Tel Aviv	https://iohk.io/en/blog/posts/2019/07/09/iohk-smart-contract-hackathon-and-meetup-in-tel-aviv/	3 mins read
201	05/07/2019	Announcing the release of Symphony 2.0	https://iohk.io/en/blog/posts/2019/07/05/announcing-the-release-of-symphony-2/	5 mins read
202	19/06/2019	Join the roll out of the Cardano Shelley testnet	https://iohk.io/en/blog/posts/2019/06/19/join-the-roll-out-of-the-cardano-shelley-testnet/	6 mins read
203	18/06/2019	IOHK announces partnership with Georgian government and universities	https://iohk.io/en/blog/posts/2019/06/18/iohk-announces-partnership-with-georgian-government-and-universities/	3 mins read
204	16/05/2019	Mongolia - great for Atala and Cardano pilots	https://iohk.io/en/blog/posts/2019/05/16/mongolia-great-for-atala-and-cardano-pilots/	5 mins read
205	07/05/2019	Cardano 2020: delivering on the vision	https://iohk.io/en/blog/posts/2019/05/07/cardano-2020-delivering-on-the-vision/	4 mins read
206	29/04/2019	Hundreds attend the IOHK Summit 2019 in Miami	https://iohk.io/en/blog/posts/2019/04/29/hundreds-attend-the-iohk-summit-2019-in-miami/	7 mins read
207	16/04/2019	New Shelley formal specifications complete	https://iohk.io/en/blog/posts/2019/04/16/new-shelley-formal-specifications-complete/	3 mins read
208	08/04/2019	In at the deep end in Addis	https://iohk.io/en/blog/posts/2019/04/08/in-at-the-deep-end-in-addis/	4 mins read
209	04/04/2019	Training blockchain developers in Africa	https://iohk.io/en/blog/posts/2019/04/04/training-blockchain-developers-in-africa/	10 mins read
210	22/03/2019	Cardano reaches development milestone	https://iohk.io/en/blog/posts/2019/03/22/cardano-reaches-development-milestone/	6 mins read
211	20/02/2019	The Symphony of Blockchains project comes to Bristol	https://iohk.io/en/blog/posts/2019/02/20/symphony-of-blockchains-project-comes-to-bristol/	3 mins read
212	06/02/2019	How we use Nix at IOHK	https://iohk.io/en/blog/posts/2019/02/06/how-we-use-nix-at-iohk/	10 mins read
213	29/01/2019	Cardano is secure against fake stake attacks	https://iohk.io/en/blog/posts/2019/01/29/cardano-is-secure-against-fake-stake-attacks/	6 mins read
214	28/01/2019	An in-depth look at quickcheck-state-machine	https://iohk.io/en/blog/posts/2019/01/28/an-in-depth-look-at-quickcheck-state-machine/	46 mins read
215	18/12/2018	Backwards-incompatible changes in Cardano 1.4 Wallet API	https://iohk.io/en/blog/posts/2018/12/18/backwards-incompatible-changes-in-cardano-1-4-wallet-api/	4 mins read
216	18/12/2018	A guide to how Cardano is versioned	https://iohk.io/en/blog/posts/2018/12/18/how-cardano-releases-are-versioned/	6 mins read
217	17/12/2018	Launching Plutus and Marlowe at the inaugural PlutusFest	https://iohk.io/en/blog/posts/2018/12/17/launching-plutus-and-marlowe-at-the-inaugural-plutusfest/	3 mins read
218	11/12/2018	Marlowe: financial contracts on blockchain	https://iohk.io/en/blog/posts/2018/12/11/marlowe-financial-contracts-on-blockchain/	4 mins read
219	11/12/2018	Smart contracts language for Cardano launches at PlutusFest	https://iohk.io/en/blog/posts/2018/12/11/smart-contracts-language-for-cardano-launches-at-plutusfest/	4 mins read
220	29/10/2018	Preventing Sybil attacks	https://iohk.io/en/blog/posts/2018/10/29/preventing-sybil-attacks/	8 mins read
221	23/10/2018	Stake pools in Cardano	https://iohk.io/en/blog/posts/2018/10/23/stake-pools-in-cardano/	17 mins read
222	18/10/2018	Ouroboros Genesis presented at flagship conference	https://iohk.io/en/blog/posts/2018/10/18/ouroboros-genesis-presented-at-flagship-conference/	4 mins read
223	12/10/2018	An Open Letter to the Cardano Community from IOHK and Emurgo	https://iohk.io/en/blog/posts/2018/10/12/an-open-letter-to-the-cardano-community-from-iohk-and-emurgo/	14 mins read
224	26/09/2018	Functional correctness with the Haskell masters	https://iohk.io/en/blog/posts/2018/09/26/functional-correctness-with-the-haskell-master/	6 mins read
225	15/08/2018	IOHK releases Icarus to the Cardano community	https://iohk.io/en/blog/posts/2018/08/15/iohk-release-icarus-to-the-cardano-community/	7 mins read
226	09/08/2018	How does Casper compare to Ouroboros?	https://iohk.io/en/blog/posts/2018/08/09/how-does-casper-compare-to-ouroboros/	13 mins read
227	07/08/2018	From free algebras to free monads	https://iohk.io/en/blog/posts/2018/08/07/from-free-algebras-to-free-monads/	29 mins read
228	30/07/2018	Cardano smart contracts testnet IELE launches	https://iohk.io/en/blog/posts/2018/07/30/cardano-smart-contracts-testnet-iele-launches/	4 mins read
229	11/07/2018	Cardano in focus at major international event	https://iohk.io/en/blog/posts/2018/07/11/cardano-in-focus-at-major-international-event/	5 mins read
230	03/07/2018	Self Organisation in Coin Selection	https://iohk.io/en/blog/posts/2018/07/03/self-organisation-in-coin-selection/	18 mins read
231	28/06/2018	IOHK make a visit to Google’s London offices	https://iohk.io/en/blog/posts/2018/06/28/iohk-make-a-visit-to-googles-london-offices/	57 mins read
232	07/06/2018	A major brand refresh for Cardano *	https://iohk.io/en/blog/posts/2018/06/07/a-major-brand-refresh-for-cardano/	9 mins read
233	04/06/2018	Semi-Formal Development: The Cardano Wallet	https://iohk.io/en/blog/posts/2018/06/04/semi-formal-development-the-cardano-wallet/	17 mins read
234	29/05/2018	Vision for blockchain in Africa is becoming a reality	https://iohk.io/en/blog/posts/2018/05/29/vision-for-blockchain-in-africa-is-becoming-a-reality/	7 mins read
235	28/05/2018	First Cardano smart contracts testnet launches	https://iohk.io/en/blog/posts/2018/05/28/first-cardano-testnet-launches-for-smart-contracts/	3 mins read
236	17/05/2018	Ouroboros Praos presented at leading cryptography conference, Eurocrypt	https://iohk.io/en/blog/posts/2018/05/17/ouroboros-praos-presented-at-leading-cryptography-conference/	4 mins read
237	14/05/2018	A Cardano technical talk in Hamburg	https://iohk.io/en/blog/posts/2018/05/14/iohk-holds-cardano-technical-presentation-in-hamburg/	8 mins read
238	30/04/2018	Daedalus Mantis 1.1 Released for Ethereum Classic	https://iohk.io/en/blog/posts/2018/04/30/daedalus-mantis-1-1-released-for-ethereum-classic/	5 mins read
239	09/04/2018	A Brief Update on Cardano Development	https://iohk.io/en/blog/posts/2018/04/09/a-brief-update-on-cardano/	10 mins read
240	07/04/2018	Haskell and Cryptocurrency Course in Barbados	https://iohk.io/en/blog/posts/2018/04/07/iohk-haskell-and-cryptocurrency-course-in-barbados/	7 mins read
241	10/03/2018	How Cardano can help development in Africa	https://iohk.io/en/blog/posts/2018/03/10/how-cardano-can-help-development-in-africa/	7 mins read
242	07/03/2018	Cardano 1.1.0 software update	https://iohk.io/en/blog/posts/2018/03/07/cardano-1-1-0-software-update/	4 mins read
243	01/03/2018	Kaleidoscope – a cryptographic protocol for securely playing poker	https://iohk.io/en/blog/posts/2018/03/01/kaleidoscope-a-cryptographic-protocol-for-securely-playing-poker/	5 mins read
244	24/02/2018	Cardano’s goals for Africa and the developing world	https://iohk.io/en/blog/posts/2018/02/24/cardanos-goals-for-africa-and-the-developing-world/	6 mins read
245	14/02/2018	IOHK celebrates a successful Global Summit	https://iohk.io/en/blog/posts/2018/02/14/iohk-celebrates-a-successful-global-summit/	8 mins read
246	02/02/2018	The Daedalus Mantis integration 1.0 is released	https://iohk.io/en/blog/posts/2018/02/02/daedalus-mantis-integration-1-0-is-released/	2 mins read
247	01/02/2018	Research program to work on hardening Cardano against quantum computers	https://iohk.io/en/blog/posts/2018/02/01/research-program-to-work-on-hardening-cardano-against-quantum-computers/	5 mins read
248	29/01/2018	Symphony of Blockchains	https://iohk.io/en/blog/posts/2018/01/29/symphony-of-blockchains/	4 mins read
249	11/01/2018	On the Ouroboros Design: How rigour and engineering are essential for critical infrastructure	https://iohk.io/en/blog/posts/2018/01/11/on-the-ouroboros-design-how-rigour-and-engineering-are-essential-for-critical-infrastructure/	7 mins read
250	05/01/2018	The hotel that became the world’s first business to accept Ada	https://iohk.io/en/blog/posts/2018/01/05/the-hotel-that-became-the-worlds-first-business-to-accept-ada/	7 mins read
251	02/01/2018	Telescopic Proof Refinement	https://iohk.io/en/blog/posts/2018/01/02/telescopic-proof-refinement/	12 mins read
252	28/12/2017	A Crypto on the Edge of Forever	https://iohk.io/en/blog/posts/2017/12/28/a-crypto-on-the-edge-of-forever/	7 mins read
253	22/12/2017	Daedalus Wallet launches for Ethereum Classic	https://iohk.io/en/blog/posts/2017/12/22/daedalus-wallet-launches-for-ethereum-classic/	5 mins read
254	15/12/2017	IELE: A New Virtual Machine for the Blockchain	https://iohk.io/en/blog/posts/2017/12/15/iele-a-new-virtual-machine-for-the-blockchain/	8 mins read
255	09/12/2017	Simplicity and Michelson	https://iohk.io/en/blog/posts/2017/12/09/simplicity-and-michelson/	10 mins read
256	01/12/2017	What is our release strategy for Cardano?	https://iohk.io/en/blog/posts/2017/12/01/what-is-our-release-strategy-for-cardano/	4 mins read
257	22/11/2017	Ethereum Classic community comes together at successful Hong Kong summit	https://iohk.io/en/blog/posts/2017/11/22/ethereum-classic-community-come-together-at-successful-hong-kong-summit/	10 mins read
258	03/11/2017	Writing a High-Assurance Blockchain Implementation	https://iohk.io/en/blog/posts/2017/11/03/writing-a-high-assurance-blockchain-implementation/	9 mins read
259	31/10/2017	Introducing the Cardano roadmap	https://iohk.io/en/blog/posts/2017/10/31/introducing-cardano-roadmap/	9 mins read
260	26/10/2017	Designing a new virtual machine and universal language framework	https://iohk.io/en/blog/posts/2017/10/26/designing-a-new-virtual-machine-and-universal-language-framework/	8 mins read
261	19/10/2017	How Cardano's transaction fees work	https://iohk.io/en/blog/posts/2017/10/19/how-cardanos-transaction-fees-work/	4 mins read
262	17/10/2017	Statement on IOHK's Ada Holdings	https://iohk.io/en/blog/posts/2017/10/17/statement-on-iohks-ada-holdings/	2 mins read
263	16/10/2017	Cardano marks its launch with Tokyo event	https://iohk.io/en/blog/posts/2017/10/16/cardano-marks-its-launch-with-tokyo-event/	8 mins read
264	12/10/2017	Cardano help desk tour arrives in Tokyo	https://iohk.io/en/blog/posts/2017/10/12/cardano-help-desk-tour-arrives-in-tokyo/	6 mins read
265	10/10/2017	Thank you all for being a part of Cardano	https://iohk.io/en/blog/posts/2017/10/10/thank-you-for-being-a-part-of-cardano/	3 mins read
266	28/09/2017	Blockchain meets big ideas in Aspen	https://iohk.io/en/blog/posts/2017/09/28/blockchain-meets-big-ideas-in-aspen/	7 mins read
267	21/09/2017	IOHK Spotlight – Alan Verbner	https://iohk.io/en/blog/posts/2017/09/21/iohk-spotlight-alan-verbner/	4 mins read
268	01/09/2017	Cardano prepares to launch	https://iohk.io/en/blog/posts/2017/09/01/cardano-prepares-to-launch/	4 mins read
269	30/08/2017	How we test Cardano	https://iohk.io/en/blog/posts/2017/08/30/how-we-test-cardano/	8 mins read
270	24/08/2017	Ouroboros at Crypto 2017	https://iohk.io/en/blog/posts/2017/08/24/ouroboros-at-crypto-2017/	3 mins read
271	08/08/2017	Mantis – Ethereum Classic Beta Release	https://iohk.io/en/blog/posts/2017/08/08/mantis-ethereum-classic-beta-release/	4 mins read
272	03/08/2017	Cardano: Resilient and Scalable by Design	https://iohk.io/en/blog/posts/2017/08/03/cardano-resilient-and-scalable-by-design/	10 mins read
273	27/07/2017	First Hand Experiences of the Oregon Programming Languages Summer School	https://iohk.io/en/blog/posts/2017/07/27/first-hand-experiences-oregon-programming-languages-summer-school/	11 mins read
274	10/07/2017	Why we are building Cardano	https://iohk.io/en/blog/posts/2017/07/10/why-we-are-building-cardano/	3 mins read
275	07/07/2017	Blockchain in Ukraine	https://iohk.io/en/blog/posts/2017/07/07/blockchain-in-ukraine/	4 mins read
276	19/06/2017	Proof-of-stake protocol, Ouroboros, at Crypto 17	https://iohk.io/en/blog/posts/2017/06/19/proof-of-stake-protocol-ouroboros-at-crypto-17/	3 mins read
277	06/06/2017	A solution for scalable randomness	https://iohk.io/en/blog/posts/2017/06/06/a-solution-for-scalable-randomness/	7 mins read
278	22/05/2017	Team Grothendieck move closer to ETC goal	https://iohk.io/en/blog/posts/2017/05/22/team-grothendieck-move-closer-to-etc-goal/	6 mins read
279	12/05/2017	Cryptocurrencies need a safeguard to prevent another DAO disaster	https://iohk.io/en/blog/posts/2017/05/12/cryptocurrencies-need-a-safeguard-to-prevent-another-dao-disaster/	13 mins read
280	26/04/2017	Finding a brand for Daedalus	https://iohk.io/en/blog/posts/2017/04/26/finding-a-brand-for-daedalus/	6 mins read
281	18/04/2017	A trip to Malta and a Grothendieck milestone	https://iohk.io/en/blog/posts/2017/04/18/a-trip-to-malta-and-a-grothendieck-milestone/	6 mins read
282	31/03/2017	Smart contracts conference starts in Athens	https://iohk.io/en/blog/posts/2017/03/31/smart-contracts-conference-starts-in-athens/	4 mins read
283	31/03/2017	Smart contracts conference starts in Athens	https://iohk.io/en/blog/posts/2017/03/31/smart-sontracts-conference-starts-in-athens-redirect/	4 mins read
284	16/03/2017	Bidirectional proof refinement	https://iohk.io/en/blog/posts/2017/03/16/bidirectional-proof-refinement/	18 mins read
285	07/03/2017	Proof refinement basics	https://iohk.io/en/blog/posts/2017/03/07/proof-refinement-basics/	19 mins read
286	06/03/2017	Thoughts on an ontology of smart contracts	https://iohk.io/en/blog/posts/2017/03/06/thoughts-on-an-ontology-for-smart-contracts/	6 mins read
287	05/03/2017	Centralized cryptocurrencies	https://iohk.io/en/blog/posts/2017/03/05/centralized-cryptocurrencies/	6 mins read
288	28/02/2017	Scotland and Japan launch IOHK's research network	https://iohk.io/en/blog/posts/2017/02/28/scotland-and-japan-launch-iohks-research-network/	4 mins read
289	27/02/2017	A Joint Statement on Ethereum Classic’s Monetary Policy	https://iohk.io/en/blog/posts/2017/02/27/a-joint-statement-on-ethereum-classics-monetary-policy/	3 mins read
290	22/02/2017	Mission one – Destination St Petersburg and Warsaw	https://iohk.io/en/blog/posts/2017/02/22/mission-one–destination-st-petersburg-and-warsaw/	3 mins read
291	20/02/2017	Authenticated Dynamic Dictionaries, with Applications to Cryptocurrencies	https://iohk.io/en/blog/posts/2017/02/20/authenticated-dynamic-dictionaries-with-applications-to-cryptocurrencies/	3 mins read
292	16/02/2017	A Proof-of-Stake lecture at Oxford university	https://iohk.io/en/blog/posts/2017/02/16/a-proof-of-stake-lecture-at-oxford-university/	3 mins read
293	03/02/2017	Shanghai, New York and a hot pink rabbit: January IOHK news round-up	https://iohk.io/en/blog/posts/2017/02/03/shanghai-new-york-and-a-hot-pink-rabbit-january-iohk-news-round-up/	4 mins read
294	20/01/2017	Smart contracts will use code to reshape law	https://iohk.io/en/blog/posts/2017/01/20/smart-contracts-will-use-code-to-reshape-law/	2 mins read
295	10/12/2016	Introducing The Grothendieck Team	https://iohk.io/en/blog/posts/2016/12/10/introducing-the-grothendieck-team/	4 mins read
296	21/10/2016	Professor Aggelos Kiayias joins IOHK as Chief Scientist	https://iohk.io/en/blog/posts/2016/10/21/professor-aggelos-kiayias-joins-iohk-as-chief-scientist/	4 mins read
297	19/10/2016	IOHK | Latvia. Executive update	https://iohk.io/en/blog/posts/2016/10/19/iohk-latvia-executive-update/	3 mins read
298	12/10/2016	A Blockchain-free Approach for a Cryptocurrency	https://iohk.io/en/blog/posts/2016/10/12/a-blockchain-free-approach-for-a-cryptocurrency/	5 mins read
299	11/10/2016	IODB storage engine	https://iohk.io/en/blog/posts/2016/10/11/iodb-storage-engine/	5 mins read
300	22/09/2016	A Brief Note on Provable Security in Cryptocurrencies	https://iohk.io/en/blog/posts/2016/09/22/a-brief-note-on-provable-security-in-cryptocurrencies/	5 mins read
301	21/09/2016	Proof-of-Stake Protocol - IOHK	https://iohk.io/en/blog/posts/2016/09/21/proof-of-stake-protocol-iohk/	<1 min read
302	14/09/2016	Transaction malleability in cryptocurrencies	https://iohk.io/en/blog/posts/2016/09/14/transaction-malleability-in-cryptocurrencies/	5 mins read
303	09/09/2016	Ethereum Classic: An Update	https://iohk.io/en/blog/posts/2016/09/09/ethereum-classic-an-update/	8 mins read
304	07/09/2016	RollerChain, a Blockchain With Safely Pruneable History	https://iohk.io/en/blog/posts/2016/09/07/rollerchain-a-blockchain-with-safely-pruneable-history/	3 mins read
305	27/08/2016	Ode to the Contrarian Artifacts	https://iohk.io/en/blog/posts/2016/08/27/ode-to-the-contrarian-artifacts/	6 mins read
306	04/08/2016	LTB Live - Ethereum: Consensus vs Immutability	https://iohk.io/en/blog/posts/2016/08/04/ltb-live-ethereum-consensus-vs-immutability/	<1 min read
307	02/08/2016	Hoskus Parvum Opus: A Brief Sojourn Back to Ethereum	https://iohk.io/en/blog/posts/2016/08/02/hoskus-parvum-opus-a-brief-sojourn-back-to-ethereum/	14 mins read
308	25/07/2016	Mario Larangeira, IOHK Research - Digital Cash	https://iohk.io/en/blog/posts/2016/07/25/mario-larangeira-iohk-research-digital-cash/	<1 min read
309	22/07/2016	Alexander Chepurnoy, IOHK Research - Scorex	https://iohk.io/en/blog/posts/2016/07/22/alexander-chepurnoy-iohk-research-scorex/	<1 min read
310	22/07/2016	Charles Hoskinson, CEO, IOHK - DAO lab	https://iohk.io/en/blog/posts/2016/07/22/charles-hoskinson-ceo-iohk-dao-lab/	<1 min read
311	22/07/2016	IOHK session RS|COIN: Cryptocurrency with central bank regulations: the RSCoin framework	https://iohk.io/en/blog/posts/2016/07/22/iohk-session-rs-coin-cryptocurrency-with-central-bank-regulations-the-rscoin-framework/	<1 min read
312	22/07/2016	Michael Parsons FCA - Chairman of the Cardano Foundation	https://iohk.io/en/blog/posts/2016/07/22/michael-parsons-fca-chairman-of-the-cardano-foundation/	<1 min read
313	17/05/2016	Ergaki, the Next Scorex Testnet	https://iohk.io/en/blog/posts/2016/05/17/ergaki-the-next-scorex-testnet/	2 mins read
314	17/05/2016	Announcing Ergaki - A performant, public bulletin board for voting and auctions	https://iohk.io/en/blog/posts/2016/05/17/ergaki-a-performant-public-bulletin-board-for-voting-and-auctions/	2 mins read
315	15/01/2016	Goodbye Mike and Some Thoughts About Bitcoin	https://iohk.io/en/blog/posts/2016/01/15/goodbye-mike-and-some-thoughts-about/	15 mins read
316	12/01/2016	How to Save (Or Destroy) the Bitcoin Foundation	https://iohk.io/en/blog/posts/2016/01/12/how-to-save-or-destroy-bitcoin/	8 mins read
317	12/01/2016	Some History, Some Musings and My Take on the DAO	https://iohk.io/en/blog/posts/2016/01/12/some-history-some-musings-and-my-take/	8 mins read
318	16/08/2022	Introducing Ofelimos: a proof-of-useful-work consensus protocol	https://iohk.io/en/blog/posts/2022/08/16/introducing-ofelimos-a-proof-of-useful-work-consensus-protocol/	11 mins read
319	18/08/2022	Ofelimos explained	https://iohk.io/en/blog/posts/2022/08/18/ofelimos-explained/	<1 min read
320	29/08/2022	Mithril proof of concept is now open-source	https://iohk.io/en/blog/posts/2022/08/29/mithril-proof-of-concept-is-now-open-source/	4 mins read
321	30/08/2022	Input Output Global’s $4.5m blockchain research hub at Stanford University	https://iohk.io/en/blog/posts/2022/08/30/input-output-global-s-4-5m-blockchain-research-hub-at-stanford-university/	4 mins read
322	01/09/2022	Zk-SNARKs: updatable setups on the blockchain	https://iohk.io/en/blog/posts/2022/09/01/zk-snarks-updatable-setups-on-the-blockchain/	12 mins read
323	08/09/2022	Advancing digital identity through DID core specification	https://iohk.io/en/blog/posts/2022/09/08/advancing-digital-identity-through-did-core-specification/	4 mins read
324	16/09/2022	Vasil: what to expect	https://iohk.io/en/blog/posts/2022/09/16/vasil-what-to-expect/	11 mins read
325	27/09/2022	Cardano, 5 years on	https://iohk.io/en/blog/posts/2022/09/27/cardano-5-years-on/	6 mins read
326	29/09/2022	Systematizing blockchain governance	https://iohk.io/en/blog/posts/2022/09/29/systematizing-blockchain-governance/	8 mins read
327	25/10/2022	How IOG’s research spans the academic world	https://iohk.io/en/blog/posts/2022/10/25/how-iog-s-research-spans-the-academic-world/	11 mins read
328	27/10/2022	Staking parameters and network optimization – where next for k and min fee?	https://iohk.io/en/blog/posts/2022/10/27/staking-parameters-and-network-optimization-where-next-for-k-and-min-fee/	9 mins read
329	01/11/2022	Repositioning Project Catalyst ahead of the next funding round	https://iohk.io/en/blog/posts/2022/11/01/repositioning-project-catalyst-ahead-of-the-next-funding-round/	3 mins read
330	03/11/2022	What is SECP and how it drives cross-chain development on Cardano	https://iohk.io/en/blog/posts/2022/11/03/what-is-secp-and-how-it-drives-cross-chain-development-on-cardano/	3 mins read
331	04/11/2022	Announcing IO ScotFest: the age of Voltaire	https://iohk.io/en/blog/posts/2022/11/04/announcing-io-scotfest-the-age-of-voltaire/	4 mins read
332	10/11/2022	Hydra for Payments – introducing developer tooling to unlock micropayments on Cardano	https://iohk.io/en/blog/posts/2022/11/10/hydra-for-payments-introducing-developer-tooling-to-unlock-micropayments-on-cardano/	6 mins read
333	18/11/2022	Cardano builder Input Output Global invests in the future of blockchain with $4.5m research hub at University of Edinburgh	https://iohk.io/en/blog/posts/2022/11/18/cardano-builder-input-output-global-invests-in-the-future-of-blockchain-with-4-5m-research-hub-at-university-of-edinburgh/	3 mins read
334	18/11/2022	ZK-Lab – investigating the foundations of zero-knowledge proofs	https://iohk.io/en/blog/posts/2022/11/18/zk-lab-investigating-the-foundations-of-zero-knowledge-proofs/	3 mins read
335	18/11/2022	The University of Edinburgh and IOG introduce the Edinburgh Decentralization Index	https://iohk.io/en/blog/posts/2022/11/18/the-university-of-edinburgh-and-iog-introduce-the-edinburgh-decentralization-index/	2 mins read
336	18/11/2022	Cardano builder IOG and University of Edinburgh to create first ever index to provide industry standard metric for crypto decentralization	https://iohk.io/en/blog/posts/2022/11/18/cardano-builder-iog-and-university-of-edinburgh-to-create-first-ever-index-to-provide-industry-standard-metric-for-crypto-decentralization/	4 mins read
337	18/11/2022	Cardano builder IOG and University of Edinburgh launch Zero-Knowledge Lab to drive greater blockchain scalability and security	https://iohk.io/en/blog/posts/2022/11/18/cardano-builder-iog-and-university-of-edinburgh-launch-zero-knowledge-lab-to-drive-greater-blockchain-scalability-and-security/	4 mins read
338	18/11/2022	IOG announces new blockchain to protect data and safeguard technology freedoms	https://iohk.io/en/blog/posts/2022/11/18/iog-announces-new-blockchain-to-protect-data-and-safeguard-technology-freedoms/	4 mins read
339	07/12/2022	Time handling on Cardano, part 1. About Ouroboros and the importance of determinism	https://iohk.io/en/blog/posts/2022/12/07/time-handling-on-cardano-part-1-about-ouroboros-and-the-importance-of-determinism/	6 mins read
340	08/12/2022	Time handling on Cardano, part 2: use cases	https://iohk.io/en/blog/posts/2022/12/08/time-handling-on-cardano-part-2-use-cases/	6 mins read
341	08/12/2022	IOG appoints talented individuals to 3 key positions	https://iohk.io/en/blog/posts/2022/12/08/iog-appoints-talented-individuals-to-3-key-positions-1/	4 mins read
